{
  "loss": [
    3.412184476852417,
    3.3826065063476562,
    3.366485357284546,
    3.358107805252075,
    3.3513753414154053,
    3.347602605819702,
    3.3443338871002197,
    3.3431601524353027,
    3.3429114818573
  ],
  "accuracy": [
    0.09799747169017792,
    0.09989642351865768,
    0.09900448471307755,
    0.099637471139431,
    0.10084589570760727,
    0.101162388920784,
    0.1018529161810875,
    0.10107607394456863,
    0.10136379301548004
  ],
  "top3_accuracy": [
    0.28372079133987427,
    0.29428011178970337,
    0.29428011178970337,
    0.29428011178970337,
    0.29428011178970337,
    0.29428011178970337,
    0.29428011178970337,
    0.29428011178970337,
    0.29428011178970337
  ],
  "val_loss": [
    3.3655812740325928,
    3.3565402030944824,
    3.352182388305664,
    3.3506076335906982,
    3.3542585372924805,
    3.3548431396484375,
    3.35333514213562,
    3.353039026260376,
    3.35295033454895
  ],
  "val_accuracy": [
    0.09622468054294586,
    0.0995626151561737,
    0.0995626151561737,
    0.0995626151561737,
    0.0995626151561737,
    0.0995626151561737,
    0.0995626151561737,
    0.0995626151561737,
    0.0995626151561737
  ],
  "val_top3_accuracy": [
    0.2917817533016205,
    0.2917817533016205,
    0.2917817533016205,
    0.2917817533016205,
    0.2917817533016205,
    0.2917817533016205,
    0.2917817533016205,
    0.2917817533016205,
    0.2917817533016205
  ],
  "lr": [
    0.0010000000474974513,
    0.0010000000474974513,
    0.0010000000474974513,
    0.0010000000474974513,
    0.0010000000474974513,
    0.0010000000474974513,
    0.0010000000474974513,
    0.0005000000237487257,
    0.0005000000237487257
  ]
}